<html>
<head>
<title>workspace.xml</title>
<meta http-equiv="Content-Type" content="text/html; charset=utf-8">
<style type="text/css">
.s0 { color: #080808; font-style: italic;}
.s1 { color: #174ad4;}
.s2 { color: #080808;}
.s3 { color: #067d17;}
.s4 { color: #0033b3;}
.s5 { color: #174be6;}
.s6 { color: #080808;}
</style>
</head>
<body bgcolor="#ffffff">
<table CELLSPACING=0 CELLPADDING=5 COLS=1 WIDTH="100%" BGCOLOR="#c0c0c0" >
<tr><td><center>
<font face="Arial, Helvetica" color="#000000">
workspace.xml</font>
</center></td></tr></table>
<pre><span class="s0">&lt;?</span><span class="s1">xml version</span><span class="s3">=&quot;1.0&quot; </span><span class="s1">encoding</span><span class="s3">=&quot;UTF-8&quot;</span><span class="s0">?&gt;</span>
<span class="s2">&lt;</span><span class="s4">project </span><span class="s1">version</span><span class="s3">=&quot;4&quot;</span><span class="s2">&gt;</span>
  <span class="s2">&lt;</span><span class="s4">component </span><span class="s1">name</span><span class="s3">=&quot;AnalysisUIOptions&quot;</span><span class="s2">&gt;</span>
    <span class="s2">&lt;</span><span class="s4">option </span><span class="s1">name</span><span class="s3">=&quot;SCOPE_TYPE&quot; </span><span class="s1">value</span><span class="s3">=&quot;3&quot; </span><span class="s2">/&gt;</span>
  <span class="s2">&lt;/</span><span class="s4">component</span><span class="s2">&gt;</span>
  <span class="s2">&lt;</span><span class="s4">component </span><span class="s1">name</span><span class="s3">=&quot;ChangeListManager&quot;</span><span class="s2">&gt;</span>
    <span class="s2">&lt;</span><span class="s4">list </span><span class="s1">default</span><span class="s3">=&quot;true&quot; </span><span class="s1">id</span><span class="s3">=&quot;4e59e930-fe20-4e61-8d93-50c0b48667d2&quot; </span><span class="s1">name</span><span class="s3">=&quot;Default Changelist&quot; </span><span class="s1">comment</span><span class="s3">=&quot;&quot; </span><span class="s2">/&gt;</span>
    <span class="s2">&lt;</span><span class="s4">option </span><span class="s1">name</span><span class="s3">=&quot;SHOW_DIALOG&quot; </span><span class="s1">value</span><span class="s3">=&quot;false&quot; </span><span class="s2">/&gt;</span>
    <span class="s2">&lt;</span><span class="s4">option </span><span class="s1">name</span><span class="s3">=&quot;HIGHLIGHT_CONFLICTS&quot; </span><span class="s1">value</span><span class="s3">=&quot;true&quot; </span><span class="s2">/&gt;</span>
    <span class="s2">&lt;</span><span class="s4">option </span><span class="s1">name</span><span class="s3">=&quot;HIGHLIGHT_NON_ACTIVE_CHANGELIST&quot; </span><span class="s1">value</span><span class="s3">=&quot;false&quot; </span><span class="s2">/&gt;</span>
    <span class="s2">&lt;</span><span class="s4">option </span><span class="s1">name</span><span class="s3">=&quot;LAST_RESOLUTION&quot; </span><span class="s1">value</span><span class="s3">=&quot;IGNORE&quot; </span><span class="s2">/&gt;</span>
  <span class="s2">&lt;/</span><span class="s4">component</span><span class="s2">&gt;</span>
  <span class="s2">&lt;</span><span class="s4">component </span><span class="s1">name</span><span class="s3">=&quot;FileTemplateManagerImpl&quot;</span><span class="s2">&gt;</span>
    <span class="s2">&lt;</span><span class="s4">option </span><span class="s1">name</span><span class="s3">=&quot;RECENT_TEMPLATES&quot;</span><span class="s2">&gt;</span>
      <span class="s2">&lt;</span><span class="s4">list</span><span class="s2">&gt;</span>
        <span class="s2">&lt;</span><span class="s4">option </span><span class="s1">value</span><span class="s3">=&quot;Flask Main&quot; </span><span class="s2">/&gt;</span>
        <span class="s2">&lt;</span><span class="s4">option </span><span class="s1">value</span><span class="s3">=&quot;HTML File&quot; </span><span class="s2">/&gt;</span>
        <span class="s2">&lt;</span><span class="s4">option </span><span class="s1">value</span><span class="s3">=&quot;Python Script&quot; </span><span class="s2">/&gt;</span>
      <span class="s2">&lt;/</span><span class="s4">list</span><span class="s2">&gt;</span>
    <span class="s2">&lt;/</span><span class="s4">option</span><span class="s2">&gt;</span>
  <span class="s2">&lt;/</span><span class="s4">component</span><span class="s2">&gt;</span>
  <span class="s2">&lt;</span><span class="s4">component </span><span class="s1">name</span><span class="s3">=&quot;FlaskConsoleOptions&quot; </span><span class="s1">custom-start-script</span><span class="s3">=&quot;import sys</span><span class="s5">&amp;#10;</span><span class="s3">sys.path.extend([WORKING_DIR_AND_PYTHON_PATHS])</span><span class="s5">&amp;#10;</span><span class="s3">from flask.cli import ScriptInfo</span><span class="s5">&amp;#10;</span><span class="s3">locals().update(ScriptInfo(create_app=None).load_app().make_shell_context())</span><span class="s5">&amp;#10;</span><span class="s3">print(</span><span class="s5">&amp;quot;</span><span class="s3">Python %s on %s\nApp: %s [%s]\nInstance: %s</span><span class="s5">&amp;quot; </span><span class="s3">% (sys.version, sys.platform, app.import_name, app.env, app.instance_path))&quot;</span><span class="s2">&gt;</span>
    <span class="s2">&lt;</span><span class="s4">envs</span><span class="s2">&gt;</span>
      <span class="s2">&lt;</span><span class="s4">env </span><span class="s1">key</span><span class="s3">=&quot;FLASK_APP&quot; </span><span class="s1">value</span><span class="s3">=&quot;app&quot; </span><span class="s2">/&gt;</span>
    <span class="s2">&lt;/</span><span class="s4">envs</span><span class="s2">&gt;</span>
    <span class="s2">&lt;</span><span class="s4">option </span><span class="s1">name</span><span class="s3">=&quot;myCustomStartScript&quot; </span><span class="s1">value</span><span class="s3">=&quot;import sys</span><span class="s5">&amp;#10;</span><span class="s3">sys.path.extend([WORKING_DIR_AND_PYTHON_PATHS])</span><span class="s5">&amp;#10;</span><span class="s3">from flask.cli import ScriptInfo</span><span class="s5">&amp;#10;</span><span class="s3">locals().update(ScriptInfo(create_app=None).load_app().make_shell_context())</span><span class="s5">&amp;#10;</span><span class="s3">print(</span><span class="s5">&amp;quot;</span><span class="s3">Python %s on %s\nApp: %s [%s]\nInstance: %s</span><span class="s5">&amp;quot; </span><span class="s3">% (sys.version, sys.platform, app.import_name, app.env, app.instance_path))&quot; </span><span class="s2">/&gt;</span>
    <span class="s2">&lt;</span><span class="s4">option </span><span class="s1">name</span><span class="s3">=&quot;myEnvs&quot;</span><span class="s2">&gt;</span>
      <span class="s2">&lt;</span><span class="s4">map</span><span class="s2">&gt;</span>
        <span class="s2">&lt;</span><span class="s4">entry </span><span class="s1">key</span><span class="s3">=&quot;FLASK_APP&quot; </span><span class="s1">value</span><span class="s3">=&quot;app&quot; </span><span class="s2">/&gt;</span>
      <span class="s2">&lt;/</span><span class="s4">map</span><span class="s2">&gt;</span>
    <span class="s2">&lt;/</span><span class="s4">option</span><span class="s2">&gt;</span>
  <span class="s2">&lt;/</span><span class="s4">component</span><span class="s2">&gt;</span>
  <span class="s2">&lt;</span><span class="s4">component </span><span class="s1">name</span><span class="s3">=&quot;JupyterTrust&quot; </span><span class="s1">id</span><span class="s3">=&quot;57c090dd-752d-4f9d-a25b-77138b05b020&quot; </span><span class="s2">/&gt;</span>
  <span class="s2">&lt;</span><span class="s4">component </span><span class="s1">name</span><span class="s3">=&quot;ProjectId&quot; </span><span class="s1">id</span><span class="s3">=&quot;1ktHSlalKh9mADA1vUWNUH7mwN0&quot; </span><span class="s2">/&gt;</span>
  <span class="s2">&lt;</span><span class="s4">component </span><span class="s1">name</span><span class="s3">=&quot;ProjectViewState&quot;</span><span class="s2">&gt;</span>
    <span class="s2">&lt;</span><span class="s4">option </span><span class="s1">name</span><span class="s3">=&quot;hideEmptyMiddlePackages&quot; </span><span class="s1">value</span><span class="s3">=&quot;true&quot; </span><span class="s2">/&gt;</span>
    <span class="s2">&lt;</span><span class="s4">option </span><span class="s1">name</span><span class="s3">=&quot;showLibraryContents&quot; </span><span class="s1">value</span><span class="s3">=&quot;true&quot; </span><span class="s2">/&gt;</span>
  <span class="s2">&lt;/</span><span class="s4">component</span><span class="s2">&gt;</span>
  <span class="s2">&lt;</span><span class="s4">component </span><span class="s1">name</span><span class="s3">=&quot;PropertiesComponent&quot;</span><span class="s2">&gt;</span>
    <span class="s2">&lt;</span><span class="s4">property </span><span class="s1">name</span><span class="s3">=&quot;DatabaseDriversLRU&quot; </span><span class="s1">value</span><span class="s3">=&quot;sqlite&quot; </span><span class="s2">/&gt;</span>
    <span class="s2">&lt;</span><span class="s4">property </span><span class="s1">name</span><span class="s3">=&quot;DefaultHtmlFileTemplate&quot; </span><span class="s1">value</span><span class="s3">=&quot;HTML File&quot; </span><span class="s2">/&gt;</span>
    <span class="s2">&lt;</span><span class="s4">property </span><span class="s1">name</span><span class="s3">=&quot;RunOnceActivity.OpenProjectViewOnStart&quot; </span><span class="s1">value</span><span class="s3">=&quot;true&quot; </span><span class="s2">/&gt;</span>
    <span class="s2">&lt;</span><span class="s4">property </span><span class="s1">name</span><span class="s3">=&quot;WebServerToolWindowFactoryState&quot; </span><span class="s1">value</span><span class="s3">=&quot;false&quot; </span><span class="s2">/&gt;</span>
    <span class="s2">&lt;</span><span class="s4">property </span><span class="s1">name</span><span class="s3">=&quot;last_opened_file_path&quot; </span><span class="s1">value</span><span class="s3">=&quot;$PROJECT_DIR$&quot; </span><span class="s2">/&gt;</span>
    <span class="s2">&lt;</span><span class="s4">property </span><span class="s1">name</span><span class="s3">=&quot;run.code.analysis.last.selected.profile&quot; </span><span class="s1">value</span><span class="s3">=&quot;pProject Default&quot; </span><span class="s2">/&gt;</span>
  <span class="s2">&lt;/</span><span class="s4">component</span><span class="s2">&gt;</span>
  <span class="s2">&lt;</span><span class="s4">component </span><span class="s1">name</span><span class="s3">=&quot;RecentsManager&quot;</span><span class="s2">&gt;</span>
    <span class="s2">&lt;</span><span class="s4">key </span><span class="s1">name</span><span class="s3">=&quot;MoveFile.RECENT_KEYS&quot;</span><span class="s2">&gt;</span>
      <span class="s2">&lt;</span><span class="s4">recent </span><span class="s1">name</span><span class="s3">=&quot;$PROJECT_DIR$/lib&quot; </span><span class="s2">/&gt;</span>
      <span class="s2">&lt;</span><span class="s4">recent </span><span class="s1">name</span><span class="s3">=&quot;$PROJECT_DIR$&quot; </span><span class="s2">/&gt;</span>
      <span class="s2">&lt;</span><span class="s4">recent </span><span class="s1">name</span><span class="s3">=&quot;$PROJECT_DIR$/venv/bin&quot; </span><span class="s2">/&gt;</span>
      <span class="s2">&lt;</span><span class="s4">recent </span><span class="s1">name</span><span class="s3">=&quot;$PROJECT_DIR$/templates&quot; </span><span class="s2">/&gt;</span>
      <span class="s2">&lt;</span><span class="s4">recent </span><span class="s1">name</span><span class="s3">=&quot;$PROJECT_DIR$/templates/static&quot; </span><span class="s2">/&gt;</span>
    <span class="s2">&lt;/</span><span class="s4">key</span><span class="s2">&gt;</span>
  <span class="s2">&lt;/</span><span class="s4">component</span><span class="s2">&gt;</span>
  <span class="s2">&lt;</span><span class="s4">component </span><span class="s1">name</span><span class="s3">=&quot;RunManager&quot; </span><span class="s1">selected</span><span class="s3">=&quot;Python.server&quot;</span><span class="s2">&gt;</span>
    <span class="s2">&lt;</span><span class="s4">configuration </span><span class="s1">name</span><span class="s3">=&quot;build_database&quot; </span><span class="s1">type</span><span class="s3">=&quot;PythonConfigurationType&quot; </span><span class="s1">factoryName</span><span class="s3">=&quot;Python&quot; </span><span class="s1">nameIsGenerated</span><span class="s3">=&quot;true&quot;</span><span class="s2">&gt;</span>
      <span class="s2">&lt;</span><span class="s4">module </span><span class="s1">name</span><span class="s3">=&quot;flaskProject&quot; </span><span class="s2">/&gt;</span>
      <span class="s2">&lt;</span><span class="s4">option </span><span class="s1">name</span><span class="s3">=&quot;INTERPRETER_OPTIONS&quot; </span><span class="s1">value</span><span class="s3">=&quot;&quot; </span><span class="s2">/&gt;</span>
      <span class="s2">&lt;</span><span class="s4">option </span><span class="s1">name</span><span class="s3">=&quot;PARENT_ENVS&quot; </span><span class="s1">value</span><span class="s3">=&quot;true&quot; </span><span class="s2">/&gt;</span>
      <span class="s2">&lt;</span><span class="s4">envs</span><span class="s2">&gt;</span>
        <span class="s2">&lt;</span><span class="s4">env </span><span class="s1">name</span><span class="s3">=&quot;PYTHONUNBUFFERED&quot; </span><span class="s1">value</span><span class="s3">=&quot;1&quot; </span><span class="s2">/&gt;</span>
      <span class="s2">&lt;/</span><span class="s4">envs</span><span class="s2">&gt;</span>
      <span class="s2">&lt;</span><span class="s4">option </span><span class="s1">name</span><span class="s3">=&quot;SDK_HOME&quot; </span><span class="s1">value</span><span class="s3">=&quot;&quot; </span><span class="s2">/&gt;</span>
      <span class="s2">&lt;</span><span class="s4">option </span><span class="s1">name</span><span class="s3">=&quot;WORKING_DIRECTORY&quot; </span><span class="s1">value</span><span class="s3">=&quot;$PROJECT_DIR$/templates&quot; </span><span class="s2">/&gt;</span>
      <span class="s2">&lt;</span><span class="s4">option </span><span class="s1">name</span><span class="s3">=&quot;IS_MODULE_SDK&quot; </span><span class="s1">value</span><span class="s3">=&quot;true&quot; </span><span class="s2">/&gt;</span>
      <span class="s2">&lt;</span><span class="s4">option </span><span class="s1">name</span><span class="s3">=&quot;ADD_CONTENT_ROOTS&quot; </span><span class="s1">value</span><span class="s3">=&quot;true&quot; </span><span class="s2">/&gt;</span>
      <span class="s2">&lt;</span><span class="s4">option </span><span class="s1">name</span><span class="s3">=&quot;ADD_SOURCE_ROOTS&quot; </span><span class="s1">value</span><span class="s3">=&quot;true&quot; </span><span class="s2">/&gt;</span>
      <span class="s2">&lt;</span><span class="s4">EXTENSION </span><span class="s1">ID</span><span class="s3">=&quot;PythonCoverageRunConfigurationExtension&quot; </span><span class="s1">runner</span><span class="s3">=&quot;coverage.py&quot; </span><span class="s2">/&gt;</span>
      <span class="s2">&lt;</span><span class="s4">option </span><span class="s1">name</span><span class="s3">=&quot;SCRIPT_NAME&quot; </span><span class="s1">value</span><span class="s3">=&quot;$PROJECT_DIR$/templates/build_database.py&quot; </span><span class="s2">/&gt;</span>
      <span class="s2">&lt;</span><span class="s4">option </span><span class="s1">name</span><span class="s3">=&quot;PARAMETERS&quot; </span><span class="s1">value</span><span class="s3">=&quot;&quot; </span><span class="s2">/&gt;</span>
      <span class="s2">&lt;</span><span class="s4">option </span><span class="s1">name</span><span class="s3">=&quot;SHOW_COMMAND_LINE&quot; </span><span class="s1">value</span><span class="s3">=&quot;false&quot; </span><span class="s2">/&gt;</span>
      <span class="s2">&lt;</span><span class="s4">option </span><span class="s1">name</span><span class="s3">=&quot;EMULATE_TERMINAL&quot; </span><span class="s1">value</span><span class="s3">=&quot;false&quot; </span><span class="s2">/&gt;</span>
      <span class="s2">&lt;</span><span class="s4">option </span><span class="s1">name</span><span class="s3">=&quot;MODULE_MODE&quot; </span><span class="s1">value</span><span class="s3">=&quot;false&quot; </span><span class="s2">/&gt;</span>
      <span class="s2">&lt;</span><span class="s4">option </span><span class="s1">name</span><span class="s3">=&quot;REDIRECT_INPUT&quot; </span><span class="s1">value</span><span class="s3">=&quot;false&quot; </span><span class="s2">/&gt;</span>
      <span class="s2">&lt;</span><span class="s4">option </span><span class="s1">name</span><span class="s3">=&quot;INPUT_FILE&quot; </span><span class="s1">value</span><span class="s3">=&quot;&quot; </span><span class="s2">/&gt;</span>
      <span class="s2">&lt;</span><span class="s4">method </span><span class="s1">v</span><span class="s3">=&quot;2&quot; </span><span class="s2">/&gt;</span>
    <span class="s2">&lt;/</span><span class="s4">configuration</span><span class="s2">&gt;</span>
    <span class="s2">&lt;</span><span class="s4">configuration </span><span class="s1">name</span><span class="s3">=&quot;people&quot; </span><span class="s1">type</span><span class="s3">=&quot;PythonConfigurationType&quot; </span><span class="s1">factoryName</span><span class="s3">=&quot;Python&quot; </span><span class="s1">temporary</span><span class="s3">=&quot;true&quot; </span><span class="s1">nameIsGenerated</span><span class="s3">=&quot;true&quot;</span><span class="s2">&gt;</span>
      <span class="s2">&lt;</span><span class="s4">module </span><span class="s1">name</span><span class="s3">=&quot;flaskProject&quot; </span><span class="s2">/&gt;</span>
      <span class="s2">&lt;</span><span class="s4">option </span><span class="s1">name</span><span class="s3">=&quot;INTERPRETER_OPTIONS&quot; </span><span class="s1">value</span><span class="s3">=&quot;&quot; </span><span class="s2">/&gt;</span>
      <span class="s2">&lt;</span><span class="s4">option </span><span class="s1">name</span><span class="s3">=&quot;PARENT_ENVS&quot; </span><span class="s1">value</span><span class="s3">=&quot;true&quot; </span><span class="s2">/&gt;</span>
      <span class="s2">&lt;</span><span class="s4">envs</span><span class="s2">&gt;</span>
        <span class="s2">&lt;</span><span class="s4">env </span><span class="s1">name</span><span class="s3">=&quot;PYTHONUNBUFFERED&quot; </span><span class="s1">value</span><span class="s3">=&quot;1&quot; </span><span class="s2">/&gt;</span>
      <span class="s2">&lt;/</span><span class="s4">envs</span><span class="s2">&gt;</span>
      <span class="s2">&lt;</span><span class="s4">option </span><span class="s1">name</span><span class="s3">=&quot;SDK_HOME&quot; </span><span class="s1">value</span><span class="s3">=&quot;&quot; </span><span class="s2">/&gt;</span>
      <span class="s2">&lt;</span><span class="s4">option </span><span class="s1">name</span><span class="s3">=&quot;WORKING_DIRECTORY&quot; </span><span class="s1">value</span><span class="s3">=&quot;$PROJECT_DIR$&quot; </span><span class="s2">/&gt;</span>
      <span class="s2">&lt;</span><span class="s4">option </span><span class="s1">name</span><span class="s3">=&quot;IS_MODULE_SDK&quot; </span><span class="s1">value</span><span class="s3">=&quot;true&quot; </span><span class="s2">/&gt;</span>
      <span class="s2">&lt;</span><span class="s4">option </span><span class="s1">name</span><span class="s3">=&quot;ADD_CONTENT_ROOTS&quot; </span><span class="s1">value</span><span class="s3">=&quot;true&quot; </span><span class="s2">/&gt;</span>
      <span class="s2">&lt;</span><span class="s4">option </span><span class="s1">name</span><span class="s3">=&quot;ADD_SOURCE_ROOTS&quot; </span><span class="s1">value</span><span class="s3">=&quot;true&quot; </span><span class="s2">/&gt;</span>
      <span class="s2">&lt;</span><span class="s4">EXTENSION </span><span class="s1">ID</span><span class="s3">=&quot;PythonCoverageRunConfigurationExtension&quot; </span><span class="s1">runner</span><span class="s3">=&quot;coverage.py&quot; </span><span class="s2">/&gt;</span>
      <span class="s2">&lt;</span><span class="s4">option </span><span class="s1">name</span><span class="s3">=&quot;SCRIPT_NAME&quot; </span><span class="s1">value</span><span class="s3">=&quot;$PROJECT_DIR$/people.py&quot; </span><span class="s2">/&gt;</span>
      <span class="s2">&lt;</span><span class="s4">option </span><span class="s1">name</span><span class="s3">=&quot;PARAMETERS&quot; </span><span class="s1">value</span><span class="s3">=&quot;&quot; </span><span class="s2">/&gt;</span>
      <span class="s2">&lt;</span><span class="s4">option </span><span class="s1">name</span><span class="s3">=&quot;SHOW_COMMAND_LINE&quot; </span><span class="s1">value</span><span class="s3">=&quot;false&quot; </span><span class="s2">/&gt;</span>
      <span class="s2">&lt;</span><span class="s4">option </span><span class="s1">name</span><span class="s3">=&quot;EMULATE_TERMINAL&quot; </span><span class="s1">value</span><span class="s3">=&quot;false&quot; </span><span class="s2">/&gt;</span>
      <span class="s2">&lt;</span><span class="s4">option </span><span class="s1">name</span><span class="s3">=&quot;MODULE_MODE&quot; </span><span class="s1">value</span><span class="s3">=&quot;false&quot; </span><span class="s2">/&gt;</span>
      <span class="s2">&lt;</span><span class="s4">option </span><span class="s1">name</span><span class="s3">=&quot;REDIRECT_INPUT&quot; </span><span class="s1">value</span><span class="s3">=&quot;false&quot; </span><span class="s2">/&gt;</span>
      <span class="s2">&lt;</span><span class="s4">option </span><span class="s1">name</span><span class="s3">=&quot;INPUT_FILE&quot; </span><span class="s1">value</span><span class="s3">=&quot;&quot; </span><span class="s2">/&gt;</span>
      <span class="s2">&lt;</span><span class="s4">method </span><span class="s1">v</span><span class="s3">=&quot;2&quot; </span><span class="s2">/&gt;</span>
    <span class="s2">&lt;/</span><span class="s4">configuration</span><span class="s2">&gt;</span>
    <span class="s2">&lt;</span><span class="s4">configuration </span><span class="s1">name</span><span class="s3">=&quot;server&quot; </span><span class="s1">type</span><span class="s3">=&quot;PythonConfigurationType&quot; </span><span class="s1">factoryName</span><span class="s3">=&quot;Python&quot; </span><span class="s1">temporary</span><span class="s3">=&quot;true&quot; </span><span class="s1">nameIsGenerated</span><span class="s3">=&quot;true&quot;</span><span class="s2">&gt;</span>
      <span class="s2">&lt;</span><span class="s4">module </span><span class="s1">name</span><span class="s3">=&quot;flaskProject&quot; </span><span class="s2">/&gt;</span>
      <span class="s2">&lt;</span><span class="s4">option </span><span class="s1">name</span><span class="s3">=&quot;INTERPRETER_OPTIONS&quot; </span><span class="s1">value</span><span class="s3">=&quot;&quot; </span><span class="s2">/&gt;</span>
      <span class="s2">&lt;</span><span class="s4">option </span><span class="s1">name</span><span class="s3">=&quot;PARENT_ENVS&quot; </span><span class="s1">value</span><span class="s3">=&quot;true&quot; </span><span class="s2">/&gt;</span>
      <span class="s2">&lt;</span><span class="s4">envs</span><span class="s2">&gt;</span>
        <span class="s2">&lt;</span><span class="s4">env </span><span class="s1">name</span><span class="s3">=&quot;PYTHONUNBUFFERED&quot; </span><span class="s1">value</span><span class="s3">=&quot;1&quot; </span><span class="s2">/&gt;</span>
      <span class="s2">&lt;/</span><span class="s4">envs</span><span class="s2">&gt;</span>
      <span class="s2">&lt;</span><span class="s4">option </span><span class="s1">name</span><span class="s3">=&quot;SDK_HOME&quot; </span><span class="s1">value</span><span class="s3">=&quot;&quot; </span><span class="s2">/&gt;</span>
      <span class="s2">&lt;</span><span class="s4">option </span><span class="s1">name</span><span class="s3">=&quot;WORKING_DIRECTORY&quot; </span><span class="s1">value</span><span class="s3">=&quot;$PROJECT_DIR$&quot; </span><span class="s2">/&gt;</span>
      <span class="s2">&lt;</span><span class="s4">option </span><span class="s1">name</span><span class="s3">=&quot;IS_MODULE_SDK&quot; </span><span class="s1">value</span><span class="s3">=&quot;true&quot; </span><span class="s2">/&gt;</span>
      <span class="s2">&lt;</span><span class="s4">option </span><span class="s1">name</span><span class="s3">=&quot;ADD_CONTENT_ROOTS&quot; </span><span class="s1">value</span><span class="s3">=&quot;true&quot; </span><span class="s2">/&gt;</span>
      <span class="s2">&lt;</span><span class="s4">option </span><span class="s1">name</span><span class="s3">=&quot;ADD_SOURCE_ROOTS&quot; </span><span class="s1">value</span><span class="s3">=&quot;true&quot; </span><span class="s2">/&gt;</span>
      <span class="s2">&lt;</span><span class="s4">EXTENSION </span><span class="s1">ID</span><span class="s3">=&quot;PythonCoverageRunConfigurationExtension&quot; </span><span class="s1">runner</span><span class="s3">=&quot;coverage.py&quot; </span><span class="s2">/&gt;</span>
      <span class="s2">&lt;</span><span class="s4">option </span><span class="s1">name</span><span class="s3">=&quot;SCRIPT_NAME&quot; </span><span class="s1">value</span><span class="s3">=&quot;$PROJECT_DIR$/server.py&quot; </span><span class="s2">/&gt;</span>
      <span class="s2">&lt;</span><span class="s4">option </span><span class="s1">name</span><span class="s3">=&quot;PARAMETERS&quot; </span><span class="s1">value</span><span class="s3">=&quot;&quot; </span><span class="s2">/&gt;</span>
      <span class="s2">&lt;</span><span class="s4">option </span><span class="s1">name</span><span class="s3">=&quot;SHOW_COMMAND_LINE&quot; </span><span class="s1">value</span><span class="s3">=&quot;false&quot; </span><span class="s2">/&gt;</span>
      <span class="s2">&lt;</span><span class="s4">option </span><span class="s1">name</span><span class="s3">=&quot;EMULATE_TERMINAL&quot; </span><span class="s1">value</span><span class="s3">=&quot;false&quot; </span><span class="s2">/&gt;</span>
      <span class="s2">&lt;</span><span class="s4">option </span><span class="s1">name</span><span class="s3">=&quot;MODULE_MODE&quot; </span><span class="s1">value</span><span class="s3">=&quot;false&quot; </span><span class="s2">/&gt;</span>
      <span class="s2">&lt;</span><span class="s4">option </span><span class="s1">name</span><span class="s3">=&quot;REDIRECT_INPUT&quot; </span><span class="s1">value</span><span class="s3">=&quot;false&quot; </span><span class="s2">/&gt;</span>
      <span class="s2">&lt;</span><span class="s4">option </span><span class="s1">name</span><span class="s3">=&quot;INPUT_FILE&quot; </span><span class="s1">value</span><span class="s3">=&quot;&quot; </span><span class="s2">/&gt;</span>
      <span class="s2">&lt;</span><span class="s4">method </span><span class="s1">v</span><span class="s3">=&quot;2&quot; </span><span class="s2">/&gt;</span>
    <span class="s2">&lt;/</span><span class="s4">configuration</span><span class="s2">&gt;</span>
    <span class="s2">&lt;</span><span class="s4">configuration </span><span class="s1">name</span><span class="s3">=&quot;flaskProject&quot; </span><span class="s1">type</span><span class="s3">=&quot;Python.FlaskServer&quot;</span><span class="s2">&gt;</span>
      <span class="s2">&lt;</span><span class="s4">module </span><span class="s1">name</span><span class="s3">=&quot;flaskProject&quot; </span><span class="s2">/&gt;</span>
      <span class="s2">&lt;</span><span class="s4">option </span><span class="s1">name</span><span class="s3">=&quot;target&quot; </span><span class="s1">value</span><span class="s3">=&quot;$PROJECT_DIR$/server.py&quot; </span><span class="s2">/&gt;</span>
      <span class="s2">&lt;</span><span class="s4">option </span><span class="s1">name</span><span class="s3">=&quot;targetType&quot; </span><span class="s1">value</span><span class="s3">=&quot;PATH&quot; </span><span class="s2">/&gt;</span>
      <span class="s2">&lt;</span><span class="s4">option </span><span class="s1">name</span><span class="s3">=&quot;INTERPRETER_OPTIONS&quot; </span><span class="s1">value</span><span class="s3">=&quot;&quot; </span><span class="s2">/&gt;</span>
      <span class="s2">&lt;</span><span class="s4">option </span><span class="s1">name</span><span class="s3">=&quot;PARENT_ENVS&quot; </span><span class="s1">value</span><span class="s3">=&quot;true&quot; </span><span class="s2">/&gt;</span>
      <span class="s2">&lt;</span><span class="s4">option </span><span class="s1">name</span><span class="s3">=&quot;SDK_HOME&quot; </span><span class="s1">value</span><span class="s3">=&quot;&quot; </span><span class="s2">/&gt;</span>
      <span class="s2">&lt;</span><span class="s4">option </span><span class="s1">name</span><span class="s3">=&quot;WORKING_DIRECTORY&quot; </span><span class="s1">value</span><span class="s3">=&quot;$PROJECT_DIR$&quot; </span><span class="s2">/&gt;</span>
      <span class="s2">&lt;</span><span class="s4">option </span><span class="s1">name</span><span class="s3">=&quot;IS_MODULE_SDK&quot; </span><span class="s1">value</span><span class="s3">=&quot;false&quot; </span><span class="s2">/&gt;</span>
      <span class="s2">&lt;</span><span class="s4">option </span><span class="s1">name</span><span class="s3">=&quot;ADD_CONTENT_ROOTS&quot; </span><span class="s1">value</span><span class="s3">=&quot;true&quot; </span><span class="s2">/&gt;</span>
      <span class="s2">&lt;</span><span class="s4">option </span><span class="s1">name</span><span class="s3">=&quot;ADD_SOURCE_ROOTS&quot; </span><span class="s1">value</span><span class="s3">=&quot;true&quot; </span><span class="s2">/&gt;</span>
      <span class="s2">&lt;</span><span class="s4">EXTENSION </span><span class="s1">ID</span><span class="s3">=&quot;PythonCoverageRunConfigurationExtension&quot; </span><span class="s1">runner</span><span class="s3">=&quot;coverage.py&quot; </span><span class="s2">/&gt;</span>
      <span class="s2">&lt;</span><span class="s4">option </span><span class="s1">name</span><span class="s3">=&quot;launchJavascriptDebuger&quot; </span><span class="s1">value</span><span class="s3">=&quot;false&quot; </span><span class="s2">/&gt;</span>
      <span class="s2">&lt;</span><span class="s4">method </span><span class="s1">v</span><span class="s3">=&quot;2&quot; </span><span class="s2">/&gt;</span>
    <span class="s2">&lt;/</span><span class="s4">configuration</span><span class="s2">&gt;</span>
    <span class="s2">&lt;</span><span class="s4">configuration </span><span class="s1">name</span><span class="s3">=&quot;SwaggerCodegen: swagger.yml&quot; </span><span class="s1">type</span><span class="s3">=&quot;SwaggerCodegen&quot; </span><span class="s1">temporary</span><span class="s3">=&quot;true&quot;</span><span class="s2">&gt;</span>
      <span class="s2">&lt;</span><span class="s4">option </span><span class="s1">name</span><span class="s3">=&quot;activeConfigurationType&quot; </span><span class="s1">value</span><span class="s3">=&quot;FILE&quot; </span><span class="s2">/&gt;</span>
      <span class="s2">&lt;</span><span class="s4">option </span><span class="s1">name</span><span class="s3">=&quot;configurationPath&quot; </span><span class="s1">value</span><span class="s3">=&quot;&quot; </span><span class="s2">/&gt;</span>
      <span class="s2">&lt;</span><span class="s4">option </span><span class="s1">name</span><span class="s3">=&quot;customJreEnabled&quot; </span><span class="s1">value</span><span class="s3">=&quot;false&quot; </span><span class="s2">/&gt;</span>
      <span class="s2">&lt;</span><span class="s4">option </span><span class="s1">name</span><span class="s3">=&quot;customTemplatesPath&quot; </span><span class="s1">value</span><span class="s3">=&quot;&quot; </span><span class="s2">/&gt;</span>
      <span class="s2">&lt;</span><span class="s4">option </span><span class="s1">name</span><span class="s3">=&quot;enableDebugLogging&quot; </span><span class="s1">value</span><span class="s3">=&quot;false&quot; </span><span class="s2">/&gt;</span>
      <span class="s2">&lt;</span><span class="s4">option </span><span class="s1">name</span><span class="s3">=&quot;generateToPath&quot; </span><span class="s1">value</span><span class="s3">=&quot;&quot; </span><span class="s2">/&gt;</span>
      <span class="s2">&lt;</span><span class="s4">option </span><span class="s1">name</span><span class="s3">=&quot;generationParameters&quot;</span><span class="s2">&gt;</span>
        <span class="s2">&lt;</span><span class="s4">list </span><span class="s2">/&gt;</span>
      <span class="s2">&lt;/</span><span class="s4">option</span><span class="s2">&gt;</span>
      <span class="s2">&lt;</span><span class="s4">option </span><span class="s1">name</span><span class="s3">=&quot;generatorPath&quot; </span><span class="s1">value</span><span class="s3">=&quot;&quot; </span><span class="s2">/&gt;</span>
      <span class="s2">&lt;</span><span class="s4">option </span><span class="s1">name</span><span class="s3">=&quot;jdkPath&quot; </span><span class="s1">value</span><span class="s3">=&quot;Default&quot; </span><span class="s2">/&gt;</span>
      <span class="s2">&lt;</span><span class="s4">option </span><span class="s1">name</span><span class="s3">=&quot;language&quot; </span><span class="s1">value</span><span class="s3">=&quot;&quot; </span><span class="s2">/&gt;</span>
      <span class="s2">&lt;</span><span class="s4">option </span><span class="s1">name</span><span class="s3">=&quot;specificationPath&quot; </span><span class="s1">value</span><span class="s3">=&quot;$PROJECT_DIR$/swagger.yml&quot; </span><span class="s2">/&gt;</span>
      <span class="s2">&lt;</span><span class="s4">method </span><span class="s1">v</span><span class="s3">=&quot;2&quot; </span><span class="s2">/&gt;</span>
    <span class="s2">&lt;/</span><span class="s4">configuration</span><span class="s2">&gt;</span>
    <span class="s2">&lt;</span><span class="s4">configuration </span><span class="s1">default</span><span class="s3">=&quot;true&quot; </span><span class="s1">type</span><span class="s3">=&quot;SwaggerCodegen&quot;</span><span class="s2">&gt;</span>
      <span class="s2">&lt;</span><span class="s4">option </span><span class="s1">name</span><span class="s3">=&quot;activeConfigurationType&quot; </span><span class="s1">value</span><span class="s3">=&quot;FILE&quot; </span><span class="s2">/&gt;</span>
      <span class="s2">&lt;</span><span class="s4">option </span><span class="s1">name</span><span class="s3">=&quot;configurationPath&quot; </span><span class="s1">value</span><span class="s3">=&quot;&quot; </span><span class="s2">/&gt;</span>
      <span class="s2">&lt;</span><span class="s4">option </span><span class="s1">name</span><span class="s3">=&quot;customJreEnabled&quot; </span><span class="s1">value</span><span class="s3">=&quot;false&quot; </span><span class="s2">/&gt;</span>
      <span class="s2">&lt;</span><span class="s4">option </span><span class="s1">name</span><span class="s3">=&quot;customTemplatesPath&quot; </span><span class="s1">value</span><span class="s3">=&quot;&quot; </span><span class="s2">/&gt;</span>
      <span class="s2">&lt;</span><span class="s4">option </span><span class="s1">name</span><span class="s3">=&quot;enableDebugLogging&quot; </span><span class="s1">value</span><span class="s3">=&quot;false&quot; </span><span class="s2">/&gt;</span>
      <span class="s2">&lt;</span><span class="s4">option </span><span class="s1">name</span><span class="s3">=&quot;generateToPath&quot; </span><span class="s1">value</span><span class="s3">=&quot;&quot; </span><span class="s2">/&gt;</span>
      <span class="s2">&lt;</span><span class="s4">option </span><span class="s1">name</span><span class="s3">=&quot;generationParameters&quot;</span><span class="s2">&gt;</span>
        <span class="s2">&lt;</span><span class="s4">list </span><span class="s2">/&gt;</span>
      <span class="s2">&lt;/</span><span class="s4">option</span><span class="s2">&gt;</span>
      <span class="s2">&lt;</span><span class="s4">option </span><span class="s1">name</span><span class="s3">=&quot;generatorPath&quot; </span><span class="s1">value</span><span class="s3">=&quot;&quot; </span><span class="s2">/&gt;</span>
      <span class="s2">&lt;</span><span class="s4">option </span><span class="s1">name</span><span class="s3">=&quot;jdkPath&quot; </span><span class="s1">value</span><span class="s3">=&quot;Default&quot; </span><span class="s2">/&gt;</span>
      <span class="s2">&lt;</span><span class="s4">option </span><span class="s1">name</span><span class="s3">=&quot;language&quot; </span><span class="s1">value</span><span class="s3">=&quot;&quot; </span><span class="s2">/&gt;</span>
      <span class="s2">&lt;</span><span class="s4">option </span><span class="s1">name</span><span class="s3">=&quot;specificationPath&quot; </span><span class="s1">value</span><span class="s3">=&quot;$PROJECT_DIR$/swagger.yml&quot; </span><span class="s2">/&gt;</span>
      <span class="s2">&lt;</span><span class="s4">method </span><span class="s1">v</span><span class="s3">=&quot;2&quot; </span><span class="s2">/&gt;</span>
    <span class="s2">&lt;/</span><span class="s4">configuration</span><span class="s2">&gt;</span>
    <span class="s2">&lt;</span><span class="s4">recent_temporary</span><span class="s2">&gt;</span>
      <span class="s2">&lt;</span><span class="s4">list</span><span class="s2">&gt;</span>
        <span class="s2">&lt;</span><span class="s4">item </span><span class="s1">itemvalue</span><span class="s3">=&quot;Python.server&quot; </span><span class="s2">/&gt;</span>
        <span class="s2">&lt;</span><span class="s4">item </span><span class="s1">itemvalue</span><span class="s3">=&quot;Python.people&quot; </span><span class="s2">/&gt;</span>
        <span class="s2">&lt;</span><span class="s4">item </span><span class="s1">itemvalue</span><span class="s3">=&quot;Swagger Codegen.SwaggerCodegen: swagger.yml&quot; </span><span class="s2">/&gt;</span>
      <span class="s2">&lt;/</span><span class="s4">list</span><span class="s2">&gt;</span>
    <span class="s2">&lt;/</span><span class="s4">recent_temporary</span><span class="s2">&gt;</span>
  <span class="s2">&lt;/</span><span class="s4">component</span><span class="s2">&gt;</span>
  <span class="s2">&lt;</span><span class="s4">component </span><span class="s1">name</span><span class="s3">=&quot;SpellCheckerSettings&quot; </span><span class="s1">RuntimeDictionaries</span><span class="s3">=&quot;0&quot; </span><span class="s1">Folders</span><span class="s3">=&quot;0&quot; </span><span class="s1">CustomDictionaries</span><span class="s3">=&quot;0&quot; </span><span class="s1">DefaultDictionary</span><span class="s3">=&quot;application-level&quot; </span><span class="s1">UseSingleDictionary</span><span class="s3">=&quot;true&quot; </span><span class="s1">transferred</span><span class="s3">=&quot;true&quot; </span><span class="s2">/&gt;</span>
  <span class="s2">&lt;</span><span class="s4">component </span><span class="s1">name</span><span class="s3">=&quot;TaskManager&quot;</span><span class="s2">&gt;</span>
    <span class="s2">&lt;</span><span class="s4">task </span><span class="s1">active</span><span class="s3">=&quot;true&quot; </span><span class="s1">id</span><span class="s3">=&quot;Default&quot; </span><span class="s1">summary</span><span class="s3">=&quot;Default task&quot;</span><span class="s2">&gt;</span>
      <span class="s2">&lt;</span><span class="s4">changelist </span><span class="s1">id</span><span class="s3">=&quot;4e59e930-fe20-4e61-8d93-50c0b48667d2&quot; </span><span class="s1">name</span><span class="s3">=&quot;Default Changelist&quot; </span><span class="s1">comment</span><span class="s3">=&quot;&quot; </span><span class="s2">/&gt;</span>
      <span class="s2">&lt;</span><span class="s4">created</span><span class="s2">&gt;</span><span class="s6">1606512970241</span><span class="s2">&lt;/</span><span class="s4">created</span><span class="s2">&gt;</span>
      <span class="s2">&lt;</span><span class="s4">option </span><span class="s1">name</span><span class="s3">=&quot;number&quot; </span><span class="s1">value</span><span class="s3">=&quot;Default&quot; </span><span class="s2">/&gt;</span>
      <span class="s2">&lt;</span><span class="s4">option </span><span class="s1">name</span><span class="s3">=&quot;presentableId&quot; </span><span class="s1">value</span><span class="s3">=&quot;Default&quot; </span><span class="s2">/&gt;</span>
      <span class="s2">&lt;</span><span class="s4">updated</span><span class="s2">&gt;</span><span class="s6">1606512970241</span><span class="s2">&lt;/</span><span class="s4">updated</span><span class="s2">&gt;</span>
      <span class="s2">&lt;</span><span class="s4">workItem </span><span class="s1">from</span><span class="s3">=&quot;1606512978226&quot; </span><span class="s1">duration</span><span class="s3">=&quot;1448000&quot; </span><span class="s2">/&gt;</span>
      <span class="s2">&lt;</span><span class="s4">workItem </span><span class="s1">from</span><span class="s3">=&quot;1606561450567&quot; </span><span class="s1">duration</span><span class="s3">=&quot;19272000&quot; </span><span class="s2">/&gt;</span>
      <span class="s2">&lt;</span><span class="s4">workItem </span><span class="s1">from</span><span class="s3">=&quot;1606605369838&quot; </span><span class="s1">duration</span><span class="s3">=&quot;52000&quot; </span><span class="s2">/&gt;</span>
      <span class="s2">&lt;</span><span class="s4">workItem </span><span class="s1">from</span><span class="s3">=&quot;1606605691474&quot; </span><span class="s1">duration</span><span class="s3">=&quot;55000&quot; </span><span class="s2">/&gt;</span>
      <span class="s2">&lt;</span><span class="s4">workItem </span><span class="s1">from</span><span class="s3">=&quot;1606927614413&quot; </span><span class="s1">duration</span><span class="s3">=&quot;6491000&quot; </span><span class="s2">/&gt;</span>
      <span class="s2">&lt;</span><span class="s4">workItem </span><span class="s1">from</span><span class="s3">=&quot;1607084671918&quot; </span><span class="s1">duration</span><span class="s3">=&quot;885000&quot; </span><span class="s2">/&gt;</span>
      <span class="s2">&lt;</span><span class="s4">workItem </span><span class="s1">from</span><span class="s3">=&quot;1607378292423&quot; </span><span class="s1">duration</span><span class="s3">=&quot;388000&quot; </span><span class="s2">/&gt;</span>
    <span class="s2">&lt;/</span><span class="s4">task</span><span class="s2">&gt;</span>
    <span class="s2">&lt;</span><span class="s4">servers </span><span class="s2">/&gt;</span>
  <span class="s2">&lt;/</span><span class="s4">component</span><span class="s2">&gt;</span>
  <span class="s2">&lt;</span><span class="s4">component </span><span class="s1">name</span><span class="s3">=&quot;TypeScriptGeneratedFilesManager&quot;</span><span class="s2">&gt;</span>
    <span class="s2">&lt;</span><span class="s4">option </span><span class="s1">name</span><span class="s3">=&quot;version&quot; </span><span class="s1">value</span><span class="s3">=&quot;3&quot; </span><span class="s2">/&gt;</span>
  <span class="s2">&lt;/</span><span class="s4">component</span><span class="s2">&gt;</span>
  <span class="s2">&lt;</span><span class="s4">component </span><span class="s1">name</span><span class="s3">=&quot;WindowStateProjectService&quot;</span><span class="s2">&gt;</span>
    <span class="s2">&lt;</span><span class="s4">state </span><span class="s1">x</span><span class="s3">=&quot;99&quot; </span><span class="s1">y</span><span class="s3">=&quot;205&quot; </span><span class="s1">key</span><span class="s3">=&quot;#com.intellij.execution.impl.EditConfigurationsDialog&quot; </span><span class="s1">timestamp</span><span class="s3">=&quot;1606934465246&quot;</span><span class="s2">&gt;</span>
      <span class="s2">&lt;</span><span class="s4">screen </span><span class="s1">x</span><span class="s3">=&quot;0&quot; </span><span class="s1">y</span><span class="s3">=&quot;23&quot; </span><span class="s1">width</span><span class="s3">=&quot;1792&quot; </span><span class="s1">height</span><span class="s3">=&quot;1033&quot; </span><span class="s2">/&gt;</span>
    <span class="s2">&lt;/</span><span class="s4">state</span><span class="s2">&gt;</span>
    <span class="s2">&lt;</span><span class="s4">state </span><span class="s1">x</span><span class="s3">=&quot;99&quot; </span><span class="s1">y</span><span class="s3">=&quot;205&quot; </span><span class="s1">key</span><span class="s3">=&quot;#com.intellij.execution.impl.EditConfigurationsDialog/0.23.1792.1033@0.23.1792.1033&quot; </span><span class="s1">timestamp</span><span class="s3">=&quot;1606934465246&quot; </span><span class="s2">/&gt;</span>
    <span class="s2">&lt;</span><span class="s4">state </span><span class="s1">x</span><span class="s3">=&quot;225&quot; </span><span class="s1">y</span><span class="s3">=&quot;348&quot; </span><span class="s1">key</span><span class="s3">=&quot;#com.intellij.fileTypes.FileTypeChooser&quot; </span><span class="s1">timestamp</span><span class="s3">=&quot;1606932357462&quot;</span><span class="s2">&gt;</span>
      <span class="s2">&lt;</span><span class="s4">screen </span><span class="s1">x</span><span class="s3">=&quot;0&quot; </span><span class="s1">y</span><span class="s3">=&quot;23&quot; </span><span class="s1">width</span><span class="s3">=&quot;1792&quot; </span><span class="s1">height</span><span class="s3">=&quot;1033&quot; </span><span class="s2">/&gt;</span>
    <span class="s2">&lt;/</span><span class="s4">state</span><span class="s2">&gt;</span>
    <span class="s2">&lt;</span><span class="s4">state </span><span class="s1">x</span><span class="s3">=&quot;225&quot; </span><span class="s1">y</span><span class="s3">=&quot;348&quot; </span><span class="s1">key</span><span class="s3">=&quot;#com.intellij.fileTypes.FileTypeChooser/0.23.1792.1033@0.23.1792.1033&quot; </span><span class="s1">timestamp</span><span class="s3">=&quot;1606932357462&quot; </span><span class="s2">/&gt;</span>
    <span class="s2">&lt;</span><span class="s4">state </span><span class="s1">x</span><span class="s3">=&quot;306&quot; </span><span class="s1">y</span><span class="s3">=&quot;437&quot; </span><span class="s1">key</span><span class="s3">=&quot;#com.jetbrains.python.refactoring.move.PyMoveModuleMembersDialog&quot; </span><span class="s1">timestamp</span><span class="s3">=&quot;1606933627483&quot;</span><span class="s2">&gt;</span>
      <span class="s2">&lt;</span><span class="s4">screen </span><span class="s1">x</span><span class="s3">=&quot;0&quot; </span><span class="s1">y</span><span class="s3">=&quot;23&quot; </span><span class="s1">width</span><span class="s3">=&quot;1792&quot; </span><span class="s1">height</span><span class="s3">=&quot;1033&quot; </span><span class="s2">/&gt;</span>
    <span class="s2">&lt;/</span><span class="s4">state</span><span class="s2">&gt;</span>
    <span class="s2">&lt;</span><span class="s4">state </span><span class="s1">x</span><span class="s3">=&quot;306&quot; </span><span class="s1">y</span><span class="s3">=&quot;437&quot; </span><span class="s1">key</span><span class="s3">=&quot;#com.jetbrains.python.refactoring.move.PyMoveModuleMembersDialog/0.23.1792.1033@0.23.1792.1033&quot; </span><span class="s1">timestamp</span><span class="s3">=&quot;1606933627483&quot; </span><span class="s2">/&gt;</span>
    <span class="s2">&lt;</span><span class="s4">state </span><span class="s1">x</span><span class="s3">=&quot;852&quot; </span><span class="s1">y</span><span class="s3">=&quot;416&quot; </span><span class="s1">key</span><span class="s3">=&quot;ANALYSIS_DLG_com.intellij.analysis.BaseAnalysisAction$1&quot; </span><span class="s1">timestamp</span><span class="s3">=&quot;1606564374468&quot;</span><span class="s2">&gt;</span>
      <span class="s2">&lt;</span><span class="s4">screen </span><span class="s1">x</span><span class="s3">=&quot;0&quot; </span><span class="s1">y</span><span class="s3">=&quot;23&quot; </span><span class="s1">width</span><span class="s3">=&quot;1792&quot; </span><span class="s1">height</span><span class="s3">=&quot;1036&quot; </span><span class="s2">/&gt;</span>
    <span class="s2">&lt;/</span><span class="s4">state</span><span class="s2">&gt;</span>
    <span class="s2">&lt;</span><span class="s4">state </span><span class="s1">x</span><span class="s3">=&quot;852&quot; </span><span class="s1">y</span><span class="s3">=&quot;416&quot; </span><span class="s1">key</span><span class="s3">=&quot;ANALYSIS_DLG_com.intellij.analysis.BaseAnalysisAction$1/0.23.1792.1036@0.23.1792.1036&quot; </span><span class="s1">timestamp</span><span class="s3">=&quot;1606564374468&quot; </span><span class="s2">/&gt;</span>
    <span class="s2">&lt;</span><span class="s4">state </span><span class="s1">width</span><span class="s3">=&quot;876&quot; </span><span class="s1">height</span><span class="s3">=&quot;308&quot; </span><span class="s1">key</span><span class="s3">=&quot;GridCell.Tab.0.bottom&quot; </span><span class="s1">timestamp</span><span class="s3">=&quot;1607085576831&quot;</span><span class="s2">&gt;</span>
      <span class="s2">&lt;</span><span class="s4">screen </span><span class="s1">x</span><span class="s3">=&quot;0&quot; </span><span class="s1">y</span><span class="s3">=&quot;23&quot; </span><span class="s1">width</span><span class="s3">=&quot;1792&quot; </span><span class="s1">height</span><span class="s3">=&quot;1033&quot; </span><span class="s2">/&gt;</span>
    <span class="s2">&lt;/</span><span class="s4">state</span><span class="s2">&gt;</span>
    <span class="s2">&lt;</span><span class="s4">state </span><span class="s1">width</span><span class="s3">=&quot;876&quot; </span><span class="s1">height</span><span class="s3">=&quot;308&quot; </span><span class="s1">key</span><span class="s3">=&quot;GridCell.Tab.0.bottom/0.23.1792.1033@0.23.1792.1033&quot; </span><span class="s1">timestamp</span><span class="s3">=&quot;1607085576831&quot; </span><span class="s2">/&gt;</span>
    <span class="s2">&lt;</span><span class="s4">state </span><span class="s1">width</span><span class="s3">=&quot;876&quot; </span><span class="s1">height</span><span class="s3">=&quot;308&quot; </span><span class="s1">key</span><span class="s3">=&quot;GridCell.Tab.0.bottom/0.23.1792.1034@0.23.1792.1034&quot; </span><span class="s1">timestamp</span><span class="s3">=&quot;1607085374583&quot; </span><span class="s2">/&gt;</span>
    <span class="s2">&lt;</span><span class="s4">state </span><span class="s1">width</span><span class="s3">=&quot;1189&quot; </span><span class="s1">height</span><span class="s3">=&quot;281&quot; </span><span class="s1">key</span><span class="s3">=&quot;GridCell.Tab.0.bottom/0.23.1792.1036@0.23.1792.1036&quot; </span><span class="s1">timestamp</span><span class="s3">=&quot;1606599701179&quot; </span><span class="s2">/&gt;</span>
    <span class="s2">&lt;</span><span class="s4">state </span><span class="s1">width</span><span class="s3">=&quot;1189&quot; </span><span class="s1">height</span><span class="s3">=&quot;281&quot; </span><span class="s1">key</span><span class="s3">=&quot;GridCell.Tab.0.bottom/0.23.1792.1037@0.23.1792.1037&quot; </span><span class="s1">timestamp</span><span class="s3">=&quot;1606599878925&quot; </span><span class="s2">/&gt;</span>
    <span class="s2">&lt;</span><span class="s4">state </span><span class="s1">width</span><span class="s3">=&quot;876&quot; </span><span class="s1">height</span><span class="s3">=&quot;308&quot; </span><span class="s1">key</span><span class="s3">=&quot;GridCell.Tab.0.center&quot; </span><span class="s1">timestamp</span><span class="s3">=&quot;1607085576830&quot;</span><span class="s2">&gt;</span>
      <span class="s2">&lt;</span><span class="s4">screen </span><span class="s1">x</span><span class="s3">=&quot;0&quot; </span><span class="s1">y</span><span class="s3">=&quot;23&quot; </span><span class="s1">width</span><span class="s3">=&quot;1792&quot; </span><span class="s1">height</span><span class="s3">=&quot;1033&quot; </span><span class="s2">/&gt;</span>
    <span class="s2">&lt;/</span><span class="s4">state</span><span class="s2">&gt;</span>
    <span class="s2">&lt;</span><span class="s4">state </span><span class="s1">width</span><span class="s3">=&quot;876&quot; </span><span class="s1">height</span><span class="s3">=&quot;308&quot; </span><span class="s1">key</span><span class="s3">=&quot;GridCell.Tab.0.center/0.23.1792.1033@0.23.1792.1033&quot; </span><span class="s1">timestamp</span><span class="s3">=&quot;1607085576830&quot; </span><span class="s2">/&gt;</span>
    <span class="s2">&lt;</span><span class="s4">state </span><span class="s1">width</span><span class="s3">=&quot;876&quot; </span><span class="s1">height</span><span class="s3">=&quot;308&quot; </span><span class="s1">key</span><span class="s3">=&quot;GridCell.Tab.0.center/0.23.1792.1034@0.23.1792.1034&quot; </span><span class="s1">timestamp</span><span class="s3">=&quot;1607085374582&quot; </span><span class="s2">/&gt;</span>
    <span class="s2">&lt;</span><span class="s4">state </span><span class="s1">width</span><span class="s3">=&quot;1189&quot; </span><span class="s1">height</span><span class="s3">=&quot;281&quot; </span><span class="s1">key</span><span class="s3">=&quot;GridCell.Tab.0.center/0.23.1792.1036@0.23.1792.1036&quot; </span><span class="s1">timestamp</span><span class="s3">=&quot;1606599701178&quot; </span><span class="s2">/&gt;</span>
    <span class="s2">&lt;</span><span class="s4">state </span><span class="s1">width</span><span class="s3">=&quot;1189&quot; </span><span class="s1">height</span><span class="s3">=&quot;281&quot; </span><span class="s1">key</span><span class="s3">=&quot;GridCell.Tab.0.center/0.23.1792.1037@0.23.1792.1037&quot; </span><span class="s1">timestamp</span><span class="s3">=&quot;1606599878924&quot; </span><span class="s2">/&gt;</span>
    <span class="s2">&lt;</span><span class="s4">state </span><span class="s1">width</span><span class="s3">=&quot;876&quot; </span><span class="s1">height</span><span class="s3">=&quot;308&quot; </span><span class="s1">key</span><span class="s3">=&quot;GridCell.Tab.0.left&quot; </span><span class="s1">timestamp</span><span class="s3">=&quot;1607085576830&quot;</span><span class="s2">&gt;</span>
      <span class="s2">&lt;</span><span class="s4">screen </span><span class="s1">x</span><span class="s3">=&quot;0&quot; </span><span class="s1">y</span><span class="s3">=&quot;23&quot; </span><span class="s1">width</span><span class="s3">=&quot;1792&quot; </span><span class="s1">height</span><span class="s3">=&quot;1033&quot; </span><span class="s2">/&gt;</span>
    <span class="s2">&lt;/</span><span class="s4">state</span><span class="s2">&gt;</span>
    <span class="s2">&lt;</span><span class="s4">state </span><span class="s1">width</span><span class="s3">=&quot;876&quot; </span><span class="s1">height</span><span class="s3">=&quot;308&quot; </span><span class="s1">key</span><span class="s3">=&quot;GridCell.Tab.0.left/0.23.1792.1033@0.23.1792.1033&quot; </span><span class="s1">timestamp</span><span class="s3">=&quot;1607085576830&quot; </span><span class="s2">/&gt;</span>
    <span class="s2">&lt;</span><span class="s4">state </span><span class="s1">width</span><span class="s3">=&quot;876&quot; </span><span class="s1">height</span><span class="s3">=&quot;308&quot; </span><span class="s1">key</span><span class="s3">=&quot;GridCell.Tab.0.left/0.23.1792.1034@0.23.1792.1034&quot; </span><span class="s1">timestamp</span><span class="s3">=&quot;1607085374582&quot; </span><span class="s2">/&gt;</span>
    <span class="s2">&lt;</span><span class="s4">state </span><span class="s1">width</span><span class="s3">=&quot;1189&quot; </span><span class="s1">height</span><span class="s3">=&quot;281&quot; </span><span class="s1">key</span><span class="s3">=&quot;GridCell.Tab.0.left/0.23.1792.1036@0.23.1792.1036&quot; </span><span class="s1">timestamp</span><span class="s3">=&quot;1606599701178&quot; </span><span class="s2">/&gt;</span>
    <span class="s2">&lt;</span><span class="s4">state </span><span class="s1">width</span><span class="s3">=&quot;1189&quot; </span><span class="s1">height</span><span class="s3">=&quot;281&quot; </span><span class="s1">key</span><span class="s3">=&quot;GridCell.Tab.0.left/0.23.1792.1037@0.23.1792.1037&quot; </span><span class="s1">timestamp</span><span class="s3">=&quot;1606599878924&quot; </span><span class="s2">/&gt;</span>
    <span class="s2">&lt;</span><span class="s4">state </span><span class="s1">width</span><span class="s3">=&quot;876&quot; </span><span class="s1">height</span><span class="s3">=&quot;308&quot; </span><span class="s1">key</span><span class="s3">=&quot;GridCell.Tab.0.right&quot; </span><span class="s1">timestamp</span><span class="s3">=&quot;1607085576831&quot;</span><span class="s2">&gt;</span>
      <span class="s2">&lt;</span><span class="s4">screen </span><span class="s1">x</span><span class="s3">=&quot;0&quot; </span><span class="s1">y</span><span class="s3">=&quot;23&quot; </span><span class="s1">width</span><span class="s3">=&quot;1792&quot; </span><span class="s1">height</span><span class="s3">=&quot;1033&quot; </span><span class="s2">/&gt;</span>
    <span class="s2">&lt;/</span><span class="s4">state</span><span class="s2">&gt;</span>
    <span class="s2">&lt;</span><span class="s4">state </span><span class="s1">width</span><span class="s3">=&quot;876&quot; </span><span class="s1">height</span><span class="s3">=&quot;308&quot; </span><span class="s1">key</span><span class="s3">=&quot;GridCell.Tab.0.right/0.23.1792.1033@0.23.1792.1033&quot; </span><span class="s1">timestamp</span><span class="s3">=&quot;1607085576831&quot; </span><span class="s2">/&gt;</span>
    <span class="s2">&lt;</span><span class="s4">state </span><span class="s1">width</span><span class="s3">=&quot;876&quot; </span><span class="s1">height</span><span class="s3">=&quot;308&quot; </span><span class="s1">key</span><span class="s3">=&quot;GridCell.Tab.0.right/0.23.1792.1034@0.23.1792.1034&quot; </span><span class="s1">timestamp</span><span class="s3">=&quot;1607085374583&quot; </span><span class="s2">/&gt;</span>
    <span class="s2">&lt;</span><span class="s4">state </span><span class="s1">width</span><span class="s3">=&quot;1189&quot; </span><span class="s1">height</span><span class="s3">=&quot;281&quot; </span><span class="s1">key</span><span class="s3">=&quot;GridCell.Tab.0.right/0.23.1792.1036@0.23.1792.1036&quot; </span><span class="s1">timestamp</span><span class="s3">=&quot;1606599701178&quot; </span><span class="s2">/&gt;</span>
    <span class="s2">&lt;</span><span class="s4">state </span><span class="s1">width</span><span class="s3">=&quot;1189&quot; </span><span class="s1">height</span><span class="s3">=&quot;281&quot; </span><span class="s1">key</span><span class="s3">=&quot;GridCell.Tab.0.right/0.23.1792.1037@0.23.1792.1037&quot; </span><span class="s1">timestamp</span><span class="s3">=&quot;1606599878924&quot; </span><span class="s2">/&gt;</span>
    <span class="s2">&lt;</span><span class="s4">state </span><span class="s1">width</span><span class="s3">=&quot;876&quot; </span><span class="s1">height</span><span class="s3">=&quot;348&quot; </span><span class="s1">key</span><span class="s3">=&quot;GridCell.Tab.1.bottom&quot; </span><span class="s1">timestamp</span><span class="s3">=&quot;1607085576828&quot;</span><span class="s2">&gt;</span>
      <span class="s2">&lt;</span><span class="s4">screen </span><span class="s1">x</span><span class="s3">=&quot;0&quot; </span><span class="s1">y</span><span class="s3">=&quot;23&quot; </span><span class="s1">width</span><span class="s3">=&quot;1792&quot; </span><span class="s1">height</span><span class="s3">=&quot;1033&quot; </span><span class="s2">/&gt;</span>
    <span class="s2">&lt;/</span><span class="s4">state</span><span class="s2">&gt;</span>
    <span class="s2">&lt;</span><span class="s4">state </span><span class="s1">width</span><span class="s3">=&quot;876&quot; </span><span class="s1">height</span><span class="s3">=&quot;348&quot; </span><span class="s1">key</span><span class="s3">=&quot;GridCell.Tab.1.bottom/0.23.1792.1033@0.23.1792.1033&quot; </span><span class="s1">timestamp</span><span class="s3">=&quot;1607085576828&quot; </span><span class="s2">/&gt;</span>
    <span class="s2">&lt;</span><span class="s4">state </span><span class="s1">width</span><span class="s3">=&quot;876&quot; </span><span class="s1">height</span><span class="s3">=&quot;348&quot; </span><span class="s1">key</span><span class="s3">=&quot;GridCell.Tab.1.bottom/0.23.1792.1034@0.23.1792.1034&quot; </span><span class="s1">timestamp</span><span class="s3">=&quot;1607085244856&quot; </span><span class="s2">/&gt;</span>
    <span class="s2">&lt;</span><span class="s4">state </span><span class="s1">width</span><span class="s3">=&quot;876&quot; </span><span class="s1">height</span><span class="s3">=&quot;348&quot; </span><span class="s1">key</span><span class="s3">=&quot;GridCell.Tab.1.center&quot; </span><span class="s1">timestamp</span><span class="s3">=&quot;1607085576828&quot;</span><span class="s2">&gt;</span>
      <span class="s2">&lt;</span><span class="s4">screen </span><span class="s1">x</span><span class="s3">=&quot;0&quot; </span><span class="s1">y</span><span class="s3">=&quot;23&quot; </span><span class="s1">width</span><span class="s3">=&quot;1792&quot; </span><span class="s1">height</span><span class="s3">=&quot;1033&quot; </span><span class="s2">/&gt;</span>
    <span class="s2">&lt;/</span><span class="s4">state</span><span class="s2">&gt;</span>
    <span class="s2">&lt;</span><span class="s4">state </span><span class="s1">width</span><span class="s3">=&quot;876&quot; </span><span class="s1">height</span><span class="s3">=&quot;348&quot; </span><span class="s1">key</span><span class="s3">=&quot;GridCell.Tab.1.center/0.23.1792.1033@0.23.1792.1033&quot; </span><span class="s1">timestamp</span><span class="s3">=&quot;1607085576828&quot; </span><span class="s2">/&gt;</span>
    <span class="s2">&lt;</span><span class="s4">state </span><span class="s1">width</span><span class="s3">=&quot;876&quot; </span><span class="s1">height</span><span class="s3">=&quot;348&quot; </span><span class="s1">key</span><span class="s3">=&quot;GridCell.Tab.1.center/0.23.1792.1034@0.23.1792.1034&quot; </span><span class="s1">timestamp</span><span class="s3">=&quot;1607085244848&quot; </span><span class="s2">/&gt;</span>
    <span class="s2">&lt;</span><span class="s4">state </span><span class="s1">width</span><span class="s3">=&quot;876&quot; </span><span class="s1">height</span><span class="s3">=&quot;348&quot; </span><span class="s1">key</span><span class="s3">=&quot;GridCell.Tab.1.left&quot; </span><span class="s1">timestamp</span><span class="s3">=&quot;1607085576828&quot;</span><span class="s2">&gt;</span>
      <span class="s2">&lt;</span><span class="s4">screen </span><span class="s1">x</span><span class="s3">=&quot;0&quot; </span><span class="s1">y</span><span class="s3">=&quot;23&quot; </span><span class="s1">width</span><span class="s3">=&quot;1792&quot; </span><span class="s1">height</span><span class="s3">=&quot;1033&quot; </span><span class="s2">/&gt;</span>
    <span class="s2">&lt;/</span><span class="s4">state</span><span class="s2">&gt;</span>
    <span class="s2">&lt;</span><span class="s4">state </span><span class="s1">width</span><span class="s3">=&quot;876&quot; </span><span class="s1">height</span><span class="s3">=&quot;348&quot; </span><span class="s1">key</span><span class="s3">=&quot;GridCell.Tab.1.left/0.23.1792.1033@0.23.1792.1033&quot; </span><span class="s1">timestamp</span><span class="s3">=&quot;1607085576828&quot; </span><span class="s2">/&gt;</span>
    <span class="s2">&lt;</span><span class="s4">state </span><span class="s1">width</span><span class="s3">=&quot;876&quot; </span><span class="s1">height</span><span class="s3">=&quot;348&quot; </span><span class="s1">key</span><span class="s3">=&quot;GridCell.Tab.1.left/0.23.1792.1034@0.23.1792.1034&quot; </span><span class="s1">timestamp</span><span class="s3">=&quot;1607085244848&quot; </span><span class="s2">/&gt;</span>
    <span class="s2">&lt;</span><span class="s4">state </span><span class="s1">width</span><span class="s3">=&quot;876&quot; </span><span class="s1">height</span><span class="s3">=&quot;348&quot; </span><span class="s1">key</span><span class="s3">=&quot;GridCell.Tab.1.right&quot; </span><span class="s1">timestamp</span><span class="s3">=&quot;1607085576828&quot;</span><span class="s2">&gt;</span>
      <span class="s2">&lt;</span><span class="s4">screen </span><span class="s1">x</span><span class="s3">=&quot;0&quot; </span><span class="s1">y</span><span class="s3">=&quot;23&quot; </span><span class="s1">width</span><span class="s3">=&quot;1792&quot; </span><span class="s1">height</span><span class="s3">=&quot;1033&quot; </span><span class="s2">/&gt;</span>
    <span class="s2">&lt;/</span><span class="s4">state</span><span class="s2">&gt;</span>
    <span class="s2">&lt;</span><span class="s4">state </span><span class="s1">width</span><span class="s3">=&quot;876&quot; </span><span class="s1">height</span><span class="s3">=&quot;348&quot; </span><span class="s1">key</span><span class="s3">=&quot;GridCell.Tab.1.right/0.23.1792.1033@0.23.1792.1033&quot; </span><span class="s1">timestamp</span><span class="s3">=&quot;1607085576828&quot; </span><span class="s2">/&gt;</span>
    <span class="s2">&lt;</span><span class="s4">state </span><span class="s1">width</span><span class="s3">=&quot;876&quot; </span><span class="s1">height</span><span class="s3">=&quot;348&quot; </span><span class="s1">key</span><span class="s3">=&quot;GridCell.Tab.1.right/0.23.1792.1034@0.23.1792.1034&quot; </span><span class="s1">timestamp</span><span class="s3">=&quot;1607085244848&quot; </span><span class="s2">/&gt;</span>
    <span class="s2">&lt;</span><span class="s4">state </span><span class="s1">x</span><span class="s3">=&quot;39&quot; </span><span class="s1">y</span><span class="s3">=&quot;275&quot; </span><span class="s1">key</span><span class="s3">=&quot;com.intellij.xdebugger.impl.breakpoints.ui.BreakpointsDialogFactory$2&quot; </span><span class="s1">timestamp</span><span class="s3">=&quot;1607085213234&quot;</span><span class="s2">&gt;</span>
      <span class="s2">&lt;</span><span class="s4">screen </span><span class="s1">x</span><span class="s3">=&quot;0&quot; </span><span class="s1">y</span><span class="s3">=&quot;23&quot; </span><span class="s1">width</span><span class="s3">=&quot;1792&quot; </span><span class="s1">height</span><span class="s3">=&quot;1034&quot; </span><span class="s2">/&gt;</span>
    <span class="s2">&lt;/</span><span class="s4">state</span><span class="s2">&gt;</span>
    <span class="s2">&lt;</span><span class="s4">state </span><span class="s1">x</span><span class="s3">=&quot;39&quot; </span><span class="s1">y</span><span class="s3">=&quot;275&quot; </span><span class="s1">key</span><span class="s3">=&quot;com.intellij.xdebugger.impl.breakpoints.ui.BreakpointsDialogFactory$2/0.23.1792.1034@0.23.1792.1034&quot; </span><span class="s1">timestamp</span><span class="s3">=&quot;1607085213234&quot; </span><span class="s2">/&gt;</span>
  <span class="s2">&lt;/</span><span class="s4">component</span><span class="s2">&gt;</span>
  <span class="s2">&lt;</span><span class="s4">component </span><span class="s1">name</span><span class="s3">=&quot;XDebuggerManager&quot;</span><span class="s2">&gt;</span>
    <span class="s2">&lt;</span><span class="s4">breakpoint-manager</span><span class="s2">&gt;</span>
      <span class="s2">&lt;</span><span class="s4">breakpoints</span><span class="s2">&gt;</span>
        <span class="s2">&lt;</span><span class="s4">line-breakpoint </span><span class="s1">enabled</span><span class="s3">=&quot;true&quot; </span><span class="s1">suspend</span><span class="s3">=&quot;THREAD&quot; </span><span class="s1">type</span><span class="s3">=&quot;python-line&quot;</span><span class="s2">&gt;</span>
          <span class="s2">&lt;</span><span class="s4">url</span><span class="s2">&gt;</span><span class="s6">file://$PROJECT_DIR$/templates/build_database.py</span><span class="s2">&lt;/</span><span class="s4">url</span><span class="s2">&gt;</span>
          <span class="s2">&lt;</span><span class="s4">line</span><span class="s2">&gt;</span><span class="s6">17</span><span class="s2">&lt;/</span><span class="s4">line</span><span class="s2">&gt;</span>
          <span class="s2">&lt;</span><span class="s4">option </span><span class="s1">name</span><span class="s3">=&quot;timeStamp&quot; </span><span class="s1">value</span><span class="s3">=&quot;2&quot; </span><span class="s2">/&gt;</span>
        <span class="s2">&lt;/</span><span class="s4">line-breakpoint</span><span class="s2">&gt;</span>
      <span class="s2">&lt;/</span><span class="s4">breakpoints</span><span class="s2">&gt;</span>
    <span class="s2">&lt;/</span><span class="s4">breakpoint-manager</span><span class="s2">&gt;</span>
    <span class="s2">&lt;</span><span class="s4">watches-manager</span><span class="s2">&gt;</span>
      <span class="s2">&lt;</span><span class="s4">configuration </span><span class="s1">name</span><span class="s3">=&quot;PythonConfigurationType&quot;</span><span class="s2">&gt;</span>
        <span class="s2">&lt;</span><span class="s4">watch </span><span class="s1">expression</span><span class="s3">=&quot;__spec__&quot; </span><span class="s2">/&gt;</span>
      <span class="s2">&lt;/</span><span class="s4">configuration</span><span class="s2">&gt;</span>
    <span class="s2">&lt;/</span><span class="s4">watches-manager</span><span class="s2">&gt;</span>
  <span class="s2">&lt;/</span><span class="s4">component</span><span class="s2">&gt;</span>
  <span class="s2">&lt;</span><span class="s4">component </span><span class="s1">name</span><span class="s3">=&quot;com.intellij.coverage.CoverageDataManagerImpl&quot;</span><span class="s2">&gt;</span>
    <span class="s2">&lt;</span><span class="s4">SUITE </span><span class="s1">FILE_PATH</span><span class="s3">=&quot;coverage/flaskProject$build_database.coverage&quot; </span><span class="s1">NAME</span><span class="s3">=&quot;build_database Coverage Results&quot; </span><span class="s1">MODIFIED</span><span class="s3">=&quot;1606933704083&quot; </span><span class="s1">SOURCE_PROVIDER</span><span class="s3">=&quot;com.intellij.coverage.DefaultCoverageFileProvider&quot; </span><span class="s1">RUNNER</span><span class="s3">=&quot;coverage.py&quot; </span><span class="s1">COVERAGE_BY_TEST_ENABLED</span><span class="s3">=&quot;true&quot; </span><span class="s1">COVERAGE_TRACING_ENABLED</span><span class="s3">=&quot;false&quot; </span><span class="s1">WORKING_DIRECTORY</span><span class="s3">=&quot;$PROJECT_DIR$/templates&quot; </span><span class="s2">/&gt;</span>
    <span class="s2">&lt;</span><span class="s4">SUITE </span><span class="s1">FILE_PATH</span><span class="s3">=&quot;coverage/flaskProject$people.coverage&quot; </span><span class="s1">NAME</span><span class="s3">=&quot;people Coverage Results&quot; </span><span class="s1">MODIFIED</span><span class="s3">=&quot;1607084876476&quot; </span><span class="s1">SOURCE_PROVIDER</span><span class="s3">=&quot;com.intellij.coverage.DefaultCoverageFileProvider&quot; </span><span class="s1">RUNNER</span><span class="s3">=&quot;coverage.py&quot; </span><span class="s1">COVERAGE_BY_TEST_ENABLED</span><span class="s3">=&quot;true&quot; </span><span class="s1">COVERAGE_TRACING_ENABLED</span><span class="s3">=&quot;false&quot; </span><span class="s1">WORKING_DIRECTORY</span><span class="s3">=&quot;$PROJECT_DIR$&quot; </span><span class="s2">/&gt;</span>
    <span class="s2">&lt;</span><span class="s4">SUITE </span><span class="s1">FILE_PATH</span><span class="s3">=&quot;coverage/flaskProject$flaskProject.coverage&quot; </span><span class="s1">NAME</span><span class="s3">=&quot;flaskProject Coverage Results&quot; </span><span class="s1">MODIFIED</span><span class="s3">=&quot;1606604705314&quot; </span><span class="s1">SOURCE_PROVIDER</span><span class="s3">=&quot;com.intellij.coverage.DefaultCoverageFileProvider&quot; </span><span class="s1">RUNNER</span><span class="s3">=&quot;coverage.py&quot; </span><span class="s1">COVERAGE_BY_TEST_ENABLED</span><span class="s3">=&quot;true&quot; </span><span class="s1">COVERAGE_TRACING_ENABLED</span><span class="s3">=&quot;false&quot; </span><span class="s1">WORKING_DIRECTORY</span><span class="s3">=&quot;$PROJECT_DIR$&quot; </span><span class="s2">/&gt;</span>
    <span class="s2">&lt;</span><span class="s4">SUITE </span><span class="s1">FILE_PATH</span><span class="s3">=&quot;coverage/flaskProject$server.coverage&quot; </span><span class="s1">NAME</span><span class="s3">=&quot;server Coverage Results&quot; </span><span class="s1">MODIFIED</span><span class="s3">=&quot;1607085289630&quot; </span><span class="s1">SOURCE_PROVIDER</span><span class="s3">=&quot;com.intellij.coverage.DefaultCoverageFileProvider&quot; </span><span class="s1">RUNNER</span><span class="s3">=&quot;coverage.py&quot; </span><span class="s1">COVERAGE_BY_TEST_ENABLED</span><span class="s3">=&quot;true&quot; </span><span class="s1">COVERAGE_TRACING_ENABLED</span><span class="s3">=&quot;false&quot; </span><span class="s1">WORKING_DIRECTORY</span><span class="s3">=&quot;$PROJECT_DIR$&quot; </span><span class="s2">/&gt;</span>
    <span class="s2">&lt;</span><span class="s4">SUITE </span><span class="s1">FILE_PATH</span><span class="s3">=&quot;coverage/flaskProject$app.coverage&quot; </span><span class="s1">NAME</span><span class="s3">=&quot;server Coverage Results&quot; </span><span class="s1">MODIFIED</span><span class="s3">=&quot;1606935080891&quot; </span><span class="s1">SOURCE_PROVIDER</span><span class="s3">=&quot;com.intellij.coverage.DefaultCoverageFileProvider&quot; </span><span class="s1">RUNNER</span><span class="s3">=&quot;coverage.py&quot; </span><span class="s1">COVERAGE_BY_TEST_ENABLED</span><span class="s3">=&quot;true&quot; </span><span class="s1">COVERAGE_TRACING_ENABLED</span><span class="s3">=&quot;false&quot; </span><span class="s1">WORKING_DIRECTORY</span><span class="s3">=&quot;$PROJECT_DIR$&quot; </span><span class="s2">/&gt;</span>
  <span class="s2">&lt;/</span><span class="s4">component</span><span class="s2">&gt;</span>
<span class="s2">&lt;/</span><span class="s4">project</span><span class="s2">&gt;</span></pre>
</body>
</html>